{"cameraMode":{"drawMode":0,"name":"Shaded","section":"Shading Mode"},"sceneLighting":false,"audioPlay":false,"sceneViewState":{"showFog":true,"showMaterialUpdate":true,"showSkybox":false,"showFlares":true,"showImageEffects":true,"showParticleSystems":true},"in2DMode":false,"pivot":{"x":1.3963054418563843,"y":0.6484718322753906,"z":-0.9495208263397217},"rotation":{"x":0.033405013382434848,"y":-0.9604825973510742,"z":0.2426954209804535,"w":0.13221687078475953},"size":2.3043837547302248,"orthographic":false}