{"cameraMode":{"drawMode":0,"name":"Shaded","section":"Shading Mode"},"sceneLighting":true,"audioPlay":false,"sceneViewState":{"showFog":true,"showMaterialUpdate":true,"showSkybox":true,"showFlares":true,"showImageEffects":true,"showParticleSystems":true},"in2DMode":false,"pivot":{"x":48.73649215698242,"y":25.75586700439453,"z":15.872427940368653},"rotation":{"x":-0.12353919446468353,"y":-0.23490096628665925,"z":0.030111923813819886,"w":-0.9636788964271545},"size":2.3043837547302248,"orthographic":false}