{"cameraMode":{"drawMode":0,"name":"Shaded","section":"Shading Mode"},"sceneLighting":true,"audioPlay":false,"sceneViewState":{"showFog":true,"showMaterialUpdate":true,"showSkybox":true,"showFlares":true,"showImageEffects":true,"showParticleSystems":true},"in2DMode":false,"pivot":{"x":82.31031036376953,"y":0.6124714612960815,"z":72.326416015625},"rotation":{"x":0.24012619256973267,"y":-0.5262826085090637,"z":0.15791182219982148,"w":0.8003019094467163},"size":3.8750650882720949,"orthographic":true}