{"cameraMode":{"drawMode":0,"name":"Shaded","section":"Shading Mode"},"sceneLighting":false,"audioPlay":false,"sceneViewState":{"showFog":true,"showMaterialUpdate":true,"showSkybox":false,"showFlares":true,"showImageEffects":true,"showParticleSystems":true},"in2DMode":false,"pivot":{"x":-0.728422224521637,"y":-2.5935022830963136,"z":-12.74094009399414},"rotation":{"x":-0.003989492077380419,"y":0.9870752692222595,"z":-0.15828104317188264,"w":-0.024883482605218889},"size":10.0,"orthographic":false}