{"cameraMode":{"drawMode":0,"name":"Shaded","section":"Shading Mode"},"sceneLighting":true,"audioPlay":false,"sceneViewState":{"showFog":true,"showMaterialUpdate":true,"showSkybox":true,"showFlares":true,"showImageEffects":true,"showParticleSystems":true},"in2DMode":false,"pivot":{"x":97.59656524658203,"y":25.312664031982423,"z":28.541912078857423},"rotation":{"x":0.17374539375305177,"y":-0.5719015598297119,"z":0.12549179792404176,"w":0.7918400764465332},"size":2.3043837547302248,"orthographic":false}