{"cameraMode":{"drawMode":0,"name":"Shaded","section":"Shading Mode"},"sceneLighting":true,"audioPlay":false,"sceneViewState":{"showFog":true,"showMaterialUpdate":false,"showSkybox":true,"showFlares":true,"showImageEffects":true,"showParticleSystems":true},"in2DMode":false,"pivot":{"x":51.55132293701172,"y":26.10037612915039,"z":39.77128982543945},"rotation":{"x":0.059491731226444247,"y":-0.93949955701828,"z":0.26032423973083498,"w":0.2146935909986496},"size":2.9043831825256349,"orthographic":false}