{"cameraMode":{"drawMode":0,"name":"Shaded","section":"Shading Mode"},"sceneLighting":true,"audioPlay":false,"sceneViewState":{"showFog":true,"showMaterialUpdate":false,"showSkybox":true,"showFlares":true,"showImageEffects":true,"showParticleSystems":true},"in2DMode":false,"pivot":{"x":22.69072723388672,"y":8.079961776733399,"z":29.96747589111328},"rotation":{"x":0.0191299170255661,"y":0.25944024324417117,"z":-0.005139570217579603,"w":0.9655563831329346},"size":10.0,"orthographic":false}