{"cameraMode":{"drawMode":0,"name":"Shaded","section":"Shading Mode"},"sceneLighting":false,"audioPlay":false,"sceneViewState":{"showFog":true,"showMaterialUpdate":false,"showSkybox":false,"showFlares":true,"showImageEffects":true,"showParticleSystems":true},"in2DMode":false,"pivot":{"x":-6.472723960876465,"y":1.6650023460388184,"z":0.017183983698487283},"rotation":{"x":0.04245828092098236,"y":0.957449197769165,"z":-0.20889891684055329,"w":0.19484126567840577},"size":2.3043837547302248,"orthographic":false}