{"cameraMode":{"drawMode":0,"name":"Shaded","section":"Shading Mode"},"sceneLighting":true,"audioPlay":false,"sceneViewState":{"showFog":true,"showMaterialUpdate":false,"showSkybox":true,"showFlares":true,"showImageEffects":true,"showParticleSystems":true},"in2DMode":false,"pivot":{"x":131.53794860839845,"y":43.50899887084961,"z":98.65714263916016},"rotation":{"x":0.15009424090385438,"y":-0.8200904130935669,"z":0.24992144107818604,"w":0.4925304353237152},"size":3.5660250186920168,"orthographic":false}