{"cameraMode":{"drawMode":0,"name":"Shaded","section":"Shading Mode"},"sceneLighting":true,"audioPlay":false,"sceneViewState":{"showFog":true,"showMaterialUpdate":false,"showSkybox":true,"showFlares":true,"showImageEffects":true,"showParticleSystems":true},"in2DMode":false,"pivot":{"x":13.556023597717286,"y":29.78447151184082,"z":60.825008392333987},"rotation":{"x":0.16233012080192567,"y":0.7787482738494873,"z":-0.2246151864528656,"w":0.5628038644790649},"size":13.558195114135743,"orthographic":false}