{"cameraMode":{"drawMode":0,"name":"Shaded","section":"Shading Mode"},"sceneLighting":true,"audioPlay":false,"sceneViewState":{"showFog":true,"showMaterialUpdate":false,"showSkybox":true,"showFlares":true,"showImageEffects":true,"showParticleSystems":true},"in2DMode":false,"pivot":{"x":42.90648651123047,"y":4.800342559814453,"z":71.55707550048828},"rotation":{"x":0.05404537543654442,"y":0.9407579302787781,"z":-0.180253267288208,"w":0.2820674479007721},"size":7.141428470611572,"orthographic":false}