{"cameraMode":{"drawMode":0,"name":"Shaded","section":"Shading Mode"},"sceneLighting":true,"audioPlay":false,"sceneViewState":{"showFog":true,"showMaterialUpdate":false,"showSkybox":true,"showFlares":true,"showImageEffects":true,"showParticleSystems":true},"in2DMode":false,"pivot":{"x":643.56982421875,"y":411.5838317871094,"z":220.99203491210938},"rotation":{"x":-0.04513253644108772,"y":0.3963039815425873,"z":0.019517380744218828,"w":0.916836142539978},"size":356.8928527832031,"orthographic":false}