{"cameraMode":{"drawMode":0,"name":"Shaded","section":"Shading Mode"},"sceneLighting":false,"audioPlay":false,"sceneViewState":{"showFog":true,"showMaterialUpdate":false,"showSkybox":false,"showFlares":true,"showImageEffects":true,"showParticleSystems":true},"in2DMode":false,"pivot":{"x":82.36778259277344,"y":5.5324506759643559,"z":73.77120971679688},"rotation":{"x":-0.1573752611875534,"y":0.1246669590473175,"z":-0.019994236528873445,"w":-0.9794565439224243},"size":12.403646469116211,"orthographic":false}