{"cameraMode":{"drawMode":0,"name":"Shaded","section":"Shading Mode"},"sceneLighting":false,"audioPlay":false,"sceneViewState":{"showFog":true,"showMaterialUpdate":false,"showSkybox":false,"showFlares":true,"showImageEffects":true,"showParticleSystems":true},"in2DMode":false,"pivot":{"x":-6.634238243103027,"y":0.63532555103302,"z":255.1594696044922},"rotation":{"x":0.08738629519939423,"y":-0.8485919237136841,"z":0.14809730648994447,"w":0.5003834366798401},"size":3.84382963180542,"orthographic":true}