{"cameraMode":{"drawMode":0,"name":"Shaded","section":"Shading Mode"},"sceneLighting":true,"audioPlay":false,"sceneViewState":{"showFog":true,"showMaterialUpdate":false,"showSkybox":true,"showFlares":true,"showImageEffects":true,"showParticleSystems":true},"in2DMode":false,"pivot":{"x":92.72119140625,"y":-1.6297996044158936,"z":79.85089111328125},"rotation":{"x":0.22750437259674073,"y":0.38702329993247988,"z":-0.09921398013830185,"w":0.8880715370178223},"size":9.51213264465332,"orthographic":false}