{"cameraMode":{"drawMode":0,"name":"Shaded","section":"Shading Mode"},"sceneLighting":false,"audioPlay":false,"sceneViewState":{"showFog":true,"showMaterialUpdate":false,"showSkybox":false,"showFlares":true,"showImageEffects":true,"showParticleSystems":true},"in2DMode":false,"pivot":{"x":-0.00860647577792406,"y":-0.011672968044877053,"z":0.07835696637630463},"rotation":{"x":0.2963968515396118,"y":-0.7033379077911377,"z":0.46827879548072817,"w":0.44517844915390017},"size":0.4182835519313812,"orthographic":true}