{"cameraMode":{"drawMode":0,"name":"Shaded","section":"Shading Mode"},"sceneLighting":false,"audioPlay":false,"sceneViewState":{"showFog":true,"showMaterialUpdate":false,"showSkybox":false,"showFlares":true,"showImageEffects":true,"showParticleSystems":true},"in2DMode":false,"pivot":{"x":82.34236145019531,"y":5.461981773376465,"z":70.33341979980469},"rotation":{"x":0.18268083035945893,"y":0.3270726799964905,"z":-0.06460002809762955,"w":0.9249208569526672},"size":3.9933483600616457,"orthographic":true}