{"cameraMode":{"drawMode":0,"name":"Shaded","section":"Shading Mode"},"sceneLighting":true,"audioPlay":false,"sceneViewState":{"showFog":true,"showMaterialUpdate":false,"showSkybox":true,"showFlares":true,"showImageEffects":true,"showParticleSystems":true},"in2DMode":false,"pivot":{"x":65.31671905517578,"y":-2.247479200363159,"z":79.76075744628906},"rotation":{"x":-0.29134297370910647,"y":0.033573202788829806,"z":-0.010202154517173767,"w":-0.9559998512268066},"size":12.438322067260743,"orthographic":false}