{"cameraMode":{"drawMode":0,"name":"Shaded","section":"Shading Mode"},"sceneLighting":false,"audioPlay":true,"sceneViewState":{"showFog":true,"showMaterialUpdate":false,"showSkybox":false,"showFlares":true,"showImageEffects":true,"showParticleSystems":true},"in2DMode":false,"pivot":{"x":82.66095733642578,"y":4.848237991333008,"z":70.98326873779297},"rotation":{"x":0.3030817210674286,"y":0.5518406629562378,"z":-0.2249041497707367,"w":0.7436636686325073},"size":2.0790512561798097,"orthographic":false}